{
  "name": "Psykon",
  "version": "1.0.0",
  "description": "Psykon API Documentation",
  "order": [
    "Main",
    "Admin",
    "User",
    "Person",
    "Psychiatrist",
    "Organization"
  ],
  "template": {
    "withCompare": true,
    "withGenerator": true
  },
  "url": "http://api.psykon.ca/api",
  "sampleUrl": false,
  "defaultVersion": "0.0.0",
  "apidoc": "0.3.0",
  "generator": {
    "name": "apidoc",
    "time": "2021-01-29T17:38:17.320Z",
    "url": "http://apidocjs.com",
    "version": "0.23.0"
  }
}
