{
	"id": "f83a3a35-6e12-4d73-b4c0-c9a0353ad330",
	"name": "Psykon",
	"values": [
		{
			"key": "protocol",
			"value": "http",
			"enabled": true
		},
		{
			"key": "domain",
			"value": "0.0.0.0",
			"enabled": true
		},
		{
			"key": "port",
			"value": "8080",
			"enabled": true
		},
		{
			"key": "host_name",
			"value": "{{protocol}}://{{domain}}:{{port}}",
			"enabled": true
		},
		{
			"key": "version",
			"value": "1",
			"enabled": true
		},
		{
			"key": "base_url",
			"value": "{{host_name}}/api/v{{version}}",
			"enabled": true
		},
		{
			"key": "page",
			"value": "1",
			"enabled": true
		},
		{
			"key": "per_page",
			"value": "10",
			"enabled": true
		},
		{
			"key": "admin_name",
			"value": "Admin",
			"enabled": true
		},
		{
			"key": "admin_email",
			"value": "hraoufianm@gmail.com",
			"enabled": true
		},
		{
			"key": "admin_username",
			"value": "admin",
			"enabled": true
		},
		{
			"key": "admin_password",
			"value": "admin123",
			"enabled": true
		},
		{
			"key": "activate_code",
			"value": "6732",
			"enabled": true
		},
		{
			"key": "user_name",
			"value": "Name",
			"enabled": true
		},
		{
			"key": "user_email",
			"value": "9o689@email.com",
			"enabled": true
		},
		{
			"key": "user_password",
			"value": "password12345",
			"enabled": true
		}
	],
	"_postman_variable_scope": "environment",
	"_postman_exported_at": "2020-12-19T23:06:51.732Z",
	"_postman_exported_using": "Postman/7.36.1"
}